Data Source,World Development Indicators,,,,,,,,,,,,,,,,,,,,,,,,,,,,,,,,,,,,,,,,,,,,,,,,,,,,,,,,,
,,,,,,,,,,,,,,,,,,,,,,,,,,,,,,,,,,,,,,,,,,,,,,,,,,,,,,,,,,
Last Updated Date,7/1/2026,,,,,,,,,,,,,,,,,,,,,,,,,,,,,,,,,,,,,,,,,,,,,,,,,,,,,,,,,
,,,,,,,,,,,,,,,,,,,,,,,,,,,,,,,,,,,,,,,,,,,,,,,,,,,,,,,,,,
Country Name,Country Code,1960,1961,1962,1963,1964,1965,1966,1967,1968,1969,1970,1971,1972,1973,1974,1975,1976,1977,1978,1979,1980,1981,1982,1983,1984,1985,1986,1987,1988,1989,1990,1991,1992,1993,1994,1995,1996,1997,1998,1999,2000,2001,2002,2003,2004,2005,2006,2007,2008,2009,2010,2011,2012,2013,2014,2015,2016
Aruba,ABW,,,,,,,,,,,,,,,,,,,,,,,,,,,6.4,6.583333333,6.7,6.7,6.7,6.55,5.891666667,4.975,3.991666667,4.366666667,4.266666667,4.358333333,4.9,6.166666667,6.2,6.5,6.2,5.1,3.1,4.1,4.4,4.5,4.2,3.4,1.9,1.6,1.4,3.2,2.3,1.9,2
Africa Eastern and Southern,AFE,,,,,,,,,,,,,,,,,,,,,,,,,,,,,,,,,,,,,,,,,,,,,,,,,,,,,,,,,
Afghanistan,AFG,,,,,,,,,,,,,,,,,,,,,,,,,,,,,,,,,,,,,,,,,,,,,,,,,,,,,,,,,
Africa Western and Central,AFW,,,,,,,,,,,,,,,,,,,,,,,,,,,,,,,,,,,,,,,,,,,,,,,,,,,,,,,,,
Angola,AGO,,,,,,,,,,,,,,,,,,,,,,,,,,,,,,,,,,,,125.9166667,147.125,29.25,36.875,36.5725,39.5784,47.90879167,48.69083333,26.1725,15.43934553,13.39849662,4.500329209,6.756433685,6.538077601,7.589366608,12.75629919,6.30923166,3.603640267,3.145070736,3.526964417,3.31462018,5.544318125
Albania,ALB,,,,,,,,,,,,,,,,,,,,,,,,,,,,,,,,,18.5,27.33333333,19.83333333,15.3,16.78333333,27.27583333,22.56,12.94583333,8.3025,7.725,8.538333333,8.375497394,6.606694851,5.087550872,5.227425219,5.65909854,6.802742388,6.772436227,6.417543373,5.861752642,5.424908481,4.16420494,1.914166667,1.393333333,0.830833333
Andorra,AND,,,,,,,,,,,,,,,,,,,,,,,,,,,,,,,,,,,,,,,,,,,,,,,,,,,,,,,,,
Arab World,ARB,,,,,,,,,,,,,,,,,,,,,,,,,,,,,,,,,,,,,,,,,,,,,,,,,,,,,,,,,
United Arab Emirates,ARE,,,,,,,,,,,,,,,,,,,,,,,,,,,,,,,,,,,,,,,,,,,,,,,,,,,,,,,,,
Argentina,ARG,,,,,,,,,,,,,,,,,,,,,,,,,,,,,,,,,,,,,,,,,,,,,,,,,,,9.166842067,10.67917176,12.02349546,14.85445459,20.41768368,21.16914854,24.27996214
Armenia,ARM,,,,,,,,,,,,,,,,,,,,,,,,,,,,,,,,,,,,56.18333333,32.19166667,26.07666667,24.93583333,27.34916667,18.07773576,14.90166667,9.598767786,6.874508985,4.896017294,5.813139935,5.836689707,6.254303237,6.628018609,8.652928631,8.950258925,9.248043314,9.569110014,10.16026529,10.42578503,14.14815917,11.6156572
American Samoa,ASM,,,,,,,,,,,,,,,,,,,,,,,,,,,,,,,,,,,,,,,,,,,,,,,,,,,,,,,,,
Antigua and Barbuda,ATG,,,,,,,,,,,,,,,,,,,,,,,4.996139525,7.60523461,7.99382324,7.99382324,5.301459163,5.093286682,4.663063557,4.996139525,5.99536743,5.99536743,5.752617403,5.007825507,4.187852007,4.022281608,4.331290954,4.356105236,4.344382919,4.449548295,5.177218461,4.489307978,4.363969498,4.857000626,4.121934471,3.85810818,3.834559313,3.523923934,3.537201557,3.483578868,3.370306872,3.375376901,3.160430616,3.044349177,2.893393954,2.466166667,1.9275
Australia,AUS,,,,,,,,,,,,,,,,,,,,,,13.62457627,15.01334746,12.84978814,12.46483051,14.0095339,16.21694915,14.88177966,13.36144068,18.34639831,15.82711864,11.05169492,7.124152542,5.764618644,5.75,7.148516949,6.680720339,5.048305085,4.336864407,4.059110169,4.906991525,3.7375,3.7,3.508333333,3.85,3.891666667,4.0625,4.529166667,4.725,3.079166667,4.2125,4.3375,3.916666667,3.25,2.904166667,2.304166667,2.141666667
Austria,AUT,,,,,,,,,,,,,,,,,,,,,,,,,,,,,,,,,,,,,,,,,,,,,,,,,,,,,,,,,
Azerbaijan,AZE,,,,,,,,,,,,,,,,,,,,,,,,,,,,,,,,,,,,,,,13.46,12.08,12.89916667,8.458333333,8.659166667,9.543333333,9.181666667,8.52,10.58083333,11.55666667,12.22416667,12.19583333,11.64,10.87416667,10.215,9.891666667,9.171666667,8.998333333,7.732890267
Burundi,BDI,,,,,,,,,,,,,,,,,,,,,,,,,,,,,,,,,,,,,,,,,,,,,,,,,,,,,,,,,
Belgium,BEL,,,,,,,,,,,,,,,,,,,,,,,,,,,,,,,,,,,,,,,,,,,,,,,,,,,,,,,,,
Benin,BEN,,,,,,,,,,,,,,,,,,,,,,,,,,,,,,,,,,,,,,,,,,,,,,7.6075,7.821666667,7.813333333,8.124166667,8.579166667,8.386666667,8.500833333,7.9925,7.654166667,7.258333333,6.998333333,6.925
Burkina Faso,BFA,,,,,,,,,,,,,,,,,,,,,,,,,,,,,,,,,,,,,,,,,,,,,,7.6075,7.821666667,7.813333333,8.124166667,8.579166667,8.386666667,8.500833333,7.9925,7.654166667,7.258333333,6.998333333,6.925
Bangladesh,BGD,,,,,,,,,,,,,,,,,7.653799759,7.937273824,7.937273824,7.937273824,9.35464415,13.60675513,13.60675513,13.60675513,13.60675513,13.60675513,13.60675513,13.60675513,13.60675513,13.60675513,13.65211098,13.66344994,11.86716928,9.273381584,7.260715722,6.852513068,8.259489345,9.200623241,9.301666667,9.4375,8.686666667,9.153333333,7.9075,7.11,5.801666667,5.534166667,5.985,6.993333333,7.546666667,7.814166667,7.210833333,8.8375,10.21583333,11.72166667,9.8,8.244166667,6.199166667
Bulgaria,BGR,,,,,,,,,,,,,,,,,,,,,,,,,,,,,,,,,,,,,,,,,3.138479167,2.919383333,2.803166667,2.932291667,3.049708333,3.08435,3.172566667,3.68195,4.444641667,6.1775,4.076075,3.368266667,3.084166667,2.413308333,1.655816667,0.613891667,0.173383333
Bahrain,BHR,,,,,,,,,,,,,,,,,6.5,6.5,6.5,6.833333333,7.875,9,8.583333333,7,7,6.708333333,5.583333333,5,5.5,7.333333333,7.5,,3.625,3.025,4,5.7,5.175,5.275,4.735,4.795,5.8175,2.7075,1.335,1.475,1.5425,3.1425,4.37,4.485,1.6475,1.581666667,1.225,1.0225,1.084166667,1.058333333,0.981666667,0.993333333,
"Bahamas, The",BHS,,,,,,,,,,,,,,,,,,,,,,,,,,6.398333333,5.57,5.5,5.97,6.483333333,6.570833333,6.916666667,6.133333333,5.19,4.300833333,4.196666667,5.135833333,5.228333333,5.3625,4.5725,4.079166667,4.245833333,4.251666667,3.949166667,3.825,3.223333333,3.358333333,3.690833333,3.920833333,3.7825,3.440833333,2.63369187,2.012083333,1.68,1.4175,1.405,1.241666667
Bosnia and Herzegovina,BIH,,,,,,,,,,,,,,,,,,,,,,,,,,,,,,,,,,,,,,,,,,,4.528333333,4.025,3.720833333,3.564166667,3.693333333,3.555833333,3.485,3.6,3.159166667,2.795833333,3.177333333,3.00616795,2.661785471,2.059663519,1.582565507
Belarus,BLR,,,,,,,,,,,,,,,,,,,,,,,,,,,,,,,,,,65.075,89.6,100.8166667,32.35833333,15.64166667,14.33333333,23.8,37.55,34.175,26.85,17.44166667,12.71666667,9.233333333,7.683333333,8.308333333,8.525,10.68333333,9.091666667,13.30833333,22.3,20.25833333,18.58333333,19.90833333,14.64166667
Belize,BLZ,,,,,,,,,,,,,,,,,7.099999999,6.699999999,6.799999999,6.799999999,11.175,14.675,14.86666667,11.3,9.075,11.625,11.83333333,9.583333333,8.416666667,7.858333333,8.141666667,8.416666667,8.15,8.133333333,8.55,9.366666667,9.075,9.185833333,8.755833333,8.121666667,7.694166667,6.353333333,6.28,6.934166667,7.419166667,7.711666667,8.155,8.3225,8.4575,8.3725,7.760833333,6.440833333,4.4125,3.585,2.897061368,2.60059702,2.297762236
Bermuda,BMU,,,,,,,,,,,,,,,,,,,,,,,,,,,,,,,,,,,,,,,,,,,,,,,,,,,,,,,,,
Bolivia,BOL,,,,,,,,,,,,,,,,,,,,,,,,,,,,30.35,27.7375,23.66666667,23.83416667,23.775,23.22333333,22.18083333,18.43166667,18.87,19.15833333,14.72833333,12.81916667,12.25916667,10.9825,9.818762202,9.579951513,11.40990337,7.419766667,4.934083333,4.026508333,3.545541667,4.655833333,3.439283333,1.046668515,1.403036155,1.626153071,1.739183525,2.950136805,1.413897539,1.443787187
Brazil,BRA,,,,,,,,,,,,,,,,,,,,,,,155.5722458,154.0357913,266.7284992,294.4179006,109.104879,399.6691856,856.5210547,5844.983584,9394.293171,913.467317,1560.181598,3293.502325,5175.240553,52.24648521,26.44843341,24.35064632,28.00333333,26.0225,17.19916667,17.85666667,19.14272791,21.97069048,15.41615097,17.62874767,13.93240267,10.57725257,11.65533226,9.278831768,8.870439317,10.99236482,7.907466502,7.807103787,10.0236351,12.62245884,12.44576438
Barbados,BRB,,,,,,,,,,,,,,,,,,,,,5.6,7.391666666,8.833333333,6.724999999,6.066666666,5.491666666,4.283333333,3.608333333,4.258333333,4.783333333,6.283333333,6.533333333,6.683333333,4.391666667,4.316666667,5.108333333,5.2,4.575,4.204166667,4.4,4.9725,4.039166667,2.704166667,2.563333333,2.535,3.18,4.5975,5.134166667,4.46,2.865833333,2.665833333,2.676666667,2.5625,2.510833333,2.509166667,1.3225,0.3475
Brunei Darussalam,BRN,,,,,,,,,,,,,,,,,,,,,,,,,,,,,,,,,,,,,,,,,,,,1.06475,1.043916667,1.006,1.0415,1.172756667,0.875761458,0.699921292,0.47054075,0.395686667,0.231537407,0.284346667,0.3,0.335774333,0.3411654
Bhutan,BTN,,,,,,,,,,,,,,,,,,,,,,,5.5,5.5,5.5,6.083333333,6.5,6.5,6.5,6.5,6.5,6.5,8,8,8,8,8.208333333,8.25,8.25,8.25,8.25,7.8125,7.208333333,6.041666667,4.5,4.5,4.5,4.5,2,2,2.208333333,4.5,4.791666667,4.708333333,4.541666667,4,4
Botswana,BWA,,,,,,,,,,,,,,,,,,,,,5,8.666666667,10.75,11.875,10,9,8.666666667,7.5,5,5.583333333,6.114583333,11.4,12.5,13.49083333,10.585,9.785,9.675833333,9.514375,8.432083333,9.098958333,9.416458333,10.08583333,10.45375,9.945104167,9.851041667,9.253825,8.871267857,8.618639167,8.673225,7.469520833,5.597883333,5.1477375,3.6075875,3.1096525,2.534375,2.502291667,2.123008333
Central African Republic,CAF,,,,,,,,,,,,,,,,,,,,4,5.5,7.5,7.5,7.5,7.5,7.5,7.354166667,7.1875,7.4375,7.5,7.5,7.5,7.5,7.75,8.083333333,5.5,5.458333333,5,5,5,5,5,5,5,5,4.916666667,4.333333333,4.25,3.75,3.25,3.25,3.25,3.25,3.208333333,2.6,2.45,2.45
Canada,CAN,,,,,,,,,,,,4.410245902,4.977686703,6.385837887,9.3125,7.354166667,8.645833333,6.958333333,8.1875,11.3125,11.52083333,15.95833333,12.91666667,7.333333333,8.9375,7.791666667,7.083333333,5.6875,6.645833333,9.083333333,9.854166667,5.75,3.916666667,3.208333333,3.980833333,5.2825,3.0025,1.903333333,3.079166667,2.879166667,3.483333333,2.254166667,0.829166667,1.1,0.783333333,0.791666667,1.825,2.083333333,1.5,0.095833333,0.2,0.475,0.483333333,0.55,0.55,0.075,0.1
Central Europe and the Baltics,CEB,,,,,,,,,,,,,,,,,,,,,,,,,,,,,,,,,,,,,,,,,,,,,,,,,,,,,,,,,
Switzerland,CHE,,,,,,,,,,,,,,,,,,,,,,,,,,,,,,,,,,,,,,,,,,,,,,,,,1.805833333,0.091666667,0.071666667,0.055833333,0.038333333,0.033333333,0.029166667,-0.1425,-0.200833333
Channel Islands,CHI,,,,,,,,,,,,,,,,,,,,,,,,,,,,,,,,,,,,,,,,,,,,,,,,,,,,,,,,,
Chile,CHL,,,,,,,,,,,,,,,,,,,,,,,,,,32.09754871,19.04067413,25.28468663,15.16389224,27.78873358,40.35399789,22.34855859,18.29464513,18.24066049,15.11875718,13.73354424,13.48203876,12.01798554,14.91795857,8.560077402,9.200987342,6.187407363,3.79964442,2.733737486,1.93744532,3.931913377,5.105933828,5.610227425,7.489197399,2.047606685,1.751187382,5.286838314,5.788217689,5.168868155,3.919105175,3.608544045,3.815164728
China,CHN,,,,,,,,,,,,,,,,,,,,,5.4,5.4,5.76,5.76,5.759999999,7.2,7.2,7.2,8.64,11.34,8.64,7.56,7.56,10.98,10.98,10.98,7.47,5.67,3.78,2.25,2.25,2.25,1.98,1.98,2.25,2.25,2.52,4.14,2.25,2.25,2.75,3.5,3,3,2.75,1.5,1.5
Cote d'Ivoire,CIV,,,,,,,,,,,,,,,,,,,,,,,,,,,,,,,,,,,,,,,,,,,,,,7.6075,7.821666667,7.813333333,8.124166667,8.579166667,8.386666667,8.500833333,7.9925,7.654166667,7.258333333,6.998333333,6.925
Cameroon,CMR,,,,,,,,,,,,,,,,,,,,,,,,,,,,,,,7.5,7.5,7.5,7.75,8.083333333,5.5,5.375,5.041666667,5,5,5,5,5,5,5,4.916666667,4.333333333,4.25,3.75,3.25,3.25,3.25,3.25,3.208333333,2.6,2.45,2.45
"Congo, Dem. Rep.",COD,,,,,,,,,,,,,,,,,,,,,,,,,,,,,,,,,,,,,,,,,,,,,,,,14.38758333,7.7975,16.075,16.77333333,13.35666667,7.719166667,4.709,4.006666667,3.658333333,3.375
"Congo, Rep.",COG,,,,,,,,,,,,,,,,,,,,5.5,6.5,6.5,6.5,7.5,7.5,8.25,8.104166667,7.791666667,7.8125,8,7.6875,7.5,7.5,7.75,8.083333333,5.5,5.458333333,5,5,5,5,5,5,5,5,4.916666667,4.333333333,4.25,3.75,3.25,3.25,3.25,3.25,3.208333333,2.6,2.45,2.45
Colombia,COL,,,,,,,,,,,,,,,,,,,,,,,,,,,31.36166667,30.79,33.45916667,33.7275,36.44083333,37.225,26.67166667,25.83583333,29.41583333,32.33833333,31.15,24.12833333,32.58333333,21.325,12.14666667,12.435,8.938333333,7.803333333,7.798333333,7.014270229,6.275211599,8.013912051,9.741080032,6.145783423,3.66186033,4.263884597,5.355833839,4.170017565,4.08940715,4.579239182,6.783432593
Comoros,COM,,,,,,,,,,,,,,,,,,,,,,,,,,,,,,,,,,,,,,,,3,3,3,3.166666667,3.5,3.5,3,2.5,2.5,2.5,1.875,1.75,1.75,1.75,1.75,1.75,1.75,1.75
Cabo Verde,CPV,,,,,,,,,,,,,,,,,,,,,,,,,,,,,,,,,,,,,,,,,,,,,,,3.337048834,3.286461815,3.810163856,2.884593535,3.114278881,3.351215666,3.78753893,4.174495351,3.48231365,2.867881028,2.63376354
Costa Rica,CRI,,,,,,,,,,,,,,,,,,,,,,,18.29166667,19.5,14.5,16.5,16.67333333,14.05583333,15.17666667,15.6175,21.15583333,27.315,15.80333333,16.8975,17.72333333,23.87666667,17.29,13.025,12.75666667,14.30833333,13.3819475,11.77166111,11.45833333,10.40972222,9.513888889,10.1425,9.771666667,6.350833333,4.15,6.959166667,5.323333333,4.009166667,4.738611111,3.8775,3.322777778,2.370833333,1.2125
Caribbean small states,CSS,,,,,,,,,,,,,,,,,,,,,,,,,,,,,,,,,,,,,,,,,,,,,,,,,,,,,,,,,
Cuba,CUB,,,,,,,,,,,,,,,,,,,,,,,,,,,,,,,,,,,,,,,,,,,,,,,,,,,,,,,,,
Curacao,CUW,,,,,,,,,,,,,,,,,,,,,,,,,,,,,,,,,,,,,,,,,,,,,,,,,,,,,,,,,
Cayman Islands,CYM,,,,,,,,,,,,,,,,,,,,,,,,,,,,,,,,,,,,,,,,,,,,,,,,,,,,,,,,,
Cyprus,CYP,,,,,,,,,,,,,,,,,,,,,,,,,,,,,,,,,,,,,,,,,,,,,,,,,,,,,,,,,
Czechia,CZE,,,,,,,,,,,,,,,,,,,,,,,,,,,,,,,,,,7.0325,7.07,6.961666667,6.793333333,7.714583333,8.07925,4.480083333,3.42175,2.873333333,1.9975,1.333333333,1.283333333,1.174166667,1.185865722,1.323685906,1.612033333,1.265016667,1.081583333,1.03825,1.024302633,0.861548173,0.701499898,0.529332846,0.373113337
Germany,DEU,,,,,,,,,,,,,,,,,,,,,,,,,,,,,,,,,,,,,,,,,,,,,,,,,,,,,,,,,
Djibouti,DJI,,,,,,,,,,,,,,,,,,,,,,,,,,,,,,,,,,,,,,,,,,,,,,,,,,,,,,,,,
Dominica,DMA,,,,,,,,,,,,,,,,,,,,,,4.272964426,4.272964426,4.842693016,4.700260869,4.700260869,4.700260869,4.700260869,4.700260869,4.023708168,4.272964426,4.174609588,3.961931115,4.193259494,4.495344296,4.201604795,4.299955443,4.26853957,4.22703064,4.37927713,3.874530078,3.976509162,3.91396179,3.658637812,3.258416475,3.146951517,3.333017696,3.258102061,3.202075737,3.203233839,3.260465021,3.20236001,3.098115385,3.050412748,2.874717528,2.450916667,1.905
Denmark,DNK,,,,,,,,,,,,,,,,,,,,,,,,,,,,,,,,,,,,,,,,,,,,,,,,,,,,,,,,,
Dominican Republic,DOM,,,,,,,,,,,,,,,,,,,,,,,,,,,,,,,,20.02,16.7,14.04,13.7,14.9425,13.91166667,13.39833333,17.645,16.06666667,17.65333333,15.605,16.54,20.4975,21.1175,13.82166667,9.794166667,6.933333333,10.09583333,7.6325,4.82,7.555,7.050740675,5.586190894,6.399526089,6.429166667,6.693333333
Algeria,DZA,,,,,,,,,,,,,,,,,,,,,,,,,,,,,,,,,,,,16.58333333,14.5,12.60416667,9.125,8.25,7.5,6.25,5.333333333,5.25,3.645833333,1.9375,1.75,1.75,1.75,1.75,1.75,1.75,1.75,1.75,1.75,1.75,1.75
East Asia & Pacific (excluding high income),EAP,,,,,,,,,,,,,,,,,,,,,,,,,,,,,,,,,,,,,,,,,,,,,,,,,,,,,,,,,
Early-demographic dividend,EAR,,,,,,,,,,,,,,,,,,,,,,,,,,,,,,,,,,,,,,,,,,,,,,,,,,,,,,,,,
East Asia & Pacific,EAS,,,,,,,,,,,,,,,,,,,,,,,,,,,,,,,,,,,,,,,,,,,,,,,,,,,,,,,,,
Europe & Central Asia (excluding high income),ECA,,,,,,,,,,,,,,,,,,,,,,,,,,,,,,,,,,,,,,,,,,,,,,,,,,,,,,,,,
Europe & Central Asia,ECS,,,,,,,,,,,,,,,,,,,,,,,,,,,,,,,,,,,,,,,,,,,,,,,,,,,,,,,,,
Ecuador,ECU,,,,,,,,,,,,,,,,,,,,,,,,,,,,,,,,,,,,,,,,,,,,,,,,4.83,4.865,4.78,3.9025,3.844166667,3.89,3.89,4.0275,4.375,4.770833333
"Egypt, Arab Rep.",EGY,,,,,,,,,,,,,,,,,3,4.666666667,5.875,7,8.333333333,10,11,11,11,11,11,11,11,11.66666667,12,12,12,12,11.83333333,10.91666667,10.54166667,9.835416667,9.3625,9.2175,9.456666667,9.458333333,9.333333333,8.225,7.725,7.225,6.016666667,6.1,6.583333333,6.491666667,6.233333333,6.741666667,7.641666667,7.683333333,6.916666667,6.908333333,7.858333333
Euro area,EMU,,,,,,,,,,,,,,,,,,,,,,,,,,,,,,,,,,,,,,,,,,,,,,,,,,,,,,,,,
Eritrea,ERI,,,,,,,,,,,,,,,,,,,,,,,,,,,,,,,,,,,,,,,,,,,,,,,,,,,,,,,,,
Spain,ESP,,,,,,,,,,,,,,,,,,,,,,,,,,,,,,,,,,,,,,,,,,,,,,,,,,,,,,,,,
Estonia,EST,,,,,,,,,,,,,,,,,,,,,,,,,,,,,,,,,,,,,,,,,,,,,,,,,,,,,,,,,
Ethiopia,ETH,,,,,,,,,,,,,,,,,,,,,,,,,,4,,,,,,,2.875,11.5,11.5,11.45833333,9.416666667,7,6,6,6,6,3.793800401,3.3500056,3.380779873,3.463492541,3.561090209,4.111559252,4.675193071,,,,,,,,
European Union,EUU,,,,,,,,,,,,,,,,,,,,,,,,,,,,,,,,,,,,,,,,,,,,,,,,,,,,,,,,,
Finland,FIN,,,,,,,,,,,,,,,,,,,,,,,,,,,,,,,,,,,,,,,,,,,,,,,,,,,,,,,,,
Fiji,FJI,,,,,,,,,,,,,,,,,,,,,,,,,,,,,,,,,7.756666667,7.6325,7.145,6.7725,6.206666667,5.5625,4.534166667,3.3575,3.115,2.685,2.29,1.910908324,1.72211713,1.826740944,5.557283683,7.044733652,2.753649662,4.91284765,5.414825028,3.746872168,1.697696991,1.112000265,1.169001513,2.458025307,2.771957133
France,FRA,,,,,,,3,3,3,3.791666667,4.125,4.25,4.25,4.25,6.25,7.5,6.5,6.5,6.5,6.5,7.25,7.75,8.5,8.083333333,7.083333333,6.25,5,4.5,4.5,4.5,4.5,4.5,4.5,4.5,4.5,4.5,3.666666667,3.5,3.208333333,2.6875,2.625,3,3,2.6875,2.25,2.145833333,2.4375,2.854166667,3.666666667,1.916666667,1.458333333,2.083333333,2.25,1.596666667,1.145833333,0.895833333,0.7575
Faroe Islands,FRO,,,,,,,,,,,,,,,,,,,,,,,,,,,,,,,,,,,,,,,,,,,,,,,,,,,,,,,,,
"Micronesia, Fed. Sts.",FSM,,,,,,,,,,,,,,,,,,,,,,,,,,,,,,,,,,,,5.33,4.575833333,4.21,3.978333333,3.72,4.585833333,3.173333333,1.470833333,1.021666667,1.017916667,1.623333333,2.035,2.535,2.466666667,1.285833333,0.910833333,0.589166667,0.415833333,0.38,0.38,0.38,0.38
Gabon,GAB,,,,,,,,,,,,,,,,,,,,,,,,,,,,,,,7.5,7.5,7.5,7.75,8.083333333,5.5,5.458333333,5,5,5,5,5,5,5,5,4.916666667,4.333333333,4.25,3.75,3.25,3.25,3.25,3.25,3.208333333,2.6,2.45,2.45
United Kingdom,GBR,3.375,4.041666667,2.791666667,2,3.25,4.416666667,4.5,4.208333333,5.416666667,5.916666667,5.208333333,3.833333333,4.145833333,8.020833333,9.5,7.083333333,7.541666667,4.895833333,6.083333333,11.70833333,14.125,10.66666667,12.42166667,11.1925,7.271666667,11.7925,9.851666667,8.569166667,8.545833333,11.505,12.54416667,10.28,7.461666667,3.97,3.656666667,4.109166667,3.045,3.631666667,4.483333333,,,,,,,,,,,,,,,,,,
Georgia,GEO,,,,,,,,,,,,,,,,,,,,,,,,,,,,,,,,,,,,17.15564408,14.70505766,16.28912548,9.083333333,5.333333333,4,4.829692729,5.889564139,8.82981613,7.074614086,7.482497111,10.13193645,10.19425252,11.23927392,10.81032344,10.06215155,11.53779736,10.70552012,9.726617269,8.425679978,8.910206891,9.93868143
Ghana,GHA,,,,,,,,,,,,,,,,,,,11.5,11.5,11.5,11.5,11.5,11.5,15,15.75,17,17.58333333,16.5,15.5,,21.32333333,16.32333333,23.62916667,23.14666667,28.73416667,34.4975,35.75916667,32.04916667,23.5625,28.60416667,30.85416667,16.20833333,14.32333333,13.625,10.1625,8.885416667,8.895833333,11.285,17.06416667,12.87833333,8.908333333,10.05,12.35,12.90416667,13.33916667,13.04166667
Gibraltar,GIB,,,,,,,,,,,,,,,,,,,,,,,,,,,,,,,,,,,,,,,,,,,,,,,,,,,,,,,,,
Guinea,GIN,,,,,,,,,,,,,,,,,,,,,,,,,,,,15,16.83333333,19.5,21,22,23,19.75,18,17.5,17,15.66666667,6.375,5.666666667,7.5,8.025,7.4,6.5,8.85,14.35,17.5,17.5,17.5,17.5,3.111111111,4.438888889,4.41,3.9475,3.67,3.910833333,3.840833333
"Gambia, The",GMB,,,,,,,,,,,,,,,,,,,,,,,,,10.5,9.75,16.125,15.75,15,12.91666667,11.33333333,12.70833333,13.83333333,13,12.58333333,12.5,12.5,12.5,12.5,12.5,12.5,12.5,12.70833333,16.41666667,22,17.33333333,12.66666667,12.89166667,12.86666667,15.5,14.625,11.75,11.5,13.43583333,16.51083333,,
Guinea-Bissau,GNB,,,,,,,,,,,,,,,,,,,,,,,,,,,,,,,,,,,,,,,,,,,,,,7.6075,7.821666667,7.813333333,8.124166667,8.579166667,8.386666667,8.500833333,7.9925,7.654166667,7.258333333,6.998333333,6.925
Equatorial Guinea,GNQ,,,,,,,,,,,,,,,,,,,,,,,,,,,,,,,7.5,7.5,7.5,7.75,8.083333333,5.5,5.458333333,5,5,5,5,5,5,5,5,4.916666667,4.333333333,4.25,3.75,3.25,3.25,3.25,3.25,3.208333333,2.6,2.45,2.45
Greece,GRC,,,,,,,,,,,,,,,,,,,,,,,,,,,,,,,,,,,,,,,,,,,,,,,,,,,,,,,,,
Grenada,GRD,,,,,,,,,,,,,,,,,,,,,,,2.187691509,3.078973234,3.646152514,3.646152514,2.815639997,3.058716832,2.957434817,2.754870789,3.40307568,3.744676608,3.674660036,3.88049029,3.612199975,3.670683193,3.738258232,3.928270417,4.15535816,4.302759766,4.235172496,4.227666368,3.592563837,3.3870178,3.32186924,2.867415769,2.951852049,3.12584593,3.22884066,3.273379996,3.079152915,3.112427855,2.858128653,2.640459829,2.399541306,1.827666667,1.54
Greenland,GRL,,,,,,,,,,,,,,,,,,,,,,,,,,,,,,,,,,,,,,,,,,,,,,,,,,,,,,,,,
Guatemala,GTM,,,,,,,,,,,,,,,,,,,,,,,,,,,,,,,,,,,,,,5.8275,5.443333333,7.961666667,10.17083333,8.754166667,6.915,4.7825,4.19,4.349166667,4.503333333,4.763333333,5.079166667,5.576666667,5.4525,5.244166667,5.293333333,5.451666667,5.4775,5.465833333,5.475
Guam,GUM,,,,,,,,,,,,,,,,,,,,,,,,,,,,,,,,,,,,,,,,,,,,,,,,,,,,,,,,,
Guyana,GUY,,,,,,,,,,,,,,,,,,,,,,11,11.58333333,12,12,12,12,11.08333333,12,15.8075,29.175,29.52916667,22.50916667,12.2575,11.4175,12.9,10.48833333,8.564166667,8.1,9.075,8.708333333,7.631964286,4.526666667,3.182857143,2.683194444,2.58875,2.535763889,2.473333333,2.373541667,2.323908333,2.268083333,1.940966667,1.523125,1.133680556,1.072916667,1.114583333,1.166666667
High income,HIC,,,,,,,,,,,,,,,,,,,,,,,,,,,,,,,,,,,,,,,,,,,,,,,,,,,,,,,,,
"Hong Kong SAR, China",HKG,,,,,,,,,,,,,,,,,,,,,,,,,,,,,,,,,,,3.54,5.6275,4.643333333,5.977591667,6.621666667,4.499166667,4.800833333,2.3775,0.345,0.066666667,0.025,1.260833333,2.7,2.423333333,0.448333333,0.010833333,0.01,0.01,0.01,0.01,0.01,0.01,0.01
Honduras,HND,,,,,,,,,,,,,,,,,,,,,,,,,,9.925,9.7,9.616666667,8.625,8.575,8.775,11.45,12.34166667,11.6,11.55833333,11.96666667,16.7,21.28333333,18.5825,19.96583333,15.93416667,14.47666667,13.74468105,11.48380223,11.0947345,10.8975,9.331666667,7.783333333,9.490833333,10.81666667,9.813689167,8.1821625,8.934915,11.64742833,10.82267833,9.700419167,8.644205833
Heavily indebted poor countries (HIPC),HPC,,,,,,,,,,,,,,,,,,,,,,,,,,,,,,,,,,,,,,,,,,,,,,,,,,,,,,,,,
Croatia,HRV,,,,,,,,,,,,,,,,,,,,,,,,,,,,,,,,,434.4669905,379.3127816,6.519498267,5.524684783,5.585,4.296666667,4.620833333,4.310833333,3.741666667,3.229166667,1.889166667,1.526666667,1.873333333,1.714166667,1.715,2.335833333,2.82,3.203333333,1.7575,1.6975,1.881666667,1.520833333,1.353333333,,
Haiti,HTI,,,,,,,,,,,,,,,,,,,,,,,,,,,,,,,,,,,,,,,,,,,,,,4.616666667,7.808333333,5.916666667,2.304583333,1.131666667,0.735833333,0.281666667,0.454166667,0.683333333,2.614166667,4.285833333,5.635
Hungary,HUN,,,,,,,,,,,,,,,,,,,,,,,,,,,,,,,23.70694194,29.21534317,23.45073723,15.03601383,19.51158984,24.76678363,20.63042285,17.65546367,15.4086976,12.64901237,9.19147846,8.984390991,7.320271786,7.077818021,10.50384347,6.410233289,6.03297148,7.230347912,8.056336582,8.139442158,4.926409221,5.490114029,6.273924696,3.770748274,1.777462585,1.112503296,0.580953227
IBRD only,IBD,,,,,,,,,,,,,,,,,,,,,,,,,,,,,,,,,,,,,,,,,,,,,,,,,,,,,,,,,
IDA & IBRD total,IBT,,,,,,,,,,,,,,,,,,,,,,,,,,,,,,,,,,,,,,,,,,,,,,,,,,,,,,,,,
IDA total,IDA,,,,,,,,,,,,,,,,,,,,,,,,,,,,,,,,,,,,,,,,,,,,,,,,,,,,,,,,,
IDA blend,IDB,,,,,,,,,,,,,,,,,,,,,,,,,,,,,,,,,,,,,,,,,,,,,,,,,,,,,,,,,
Indonesia,IDN,,,,,,,,,,,,,,,,,,,,,,,,,,,,,,,17.53083333,23.31666667,19.6025,14.5475,12.53333333,16.7175,17.25583333,20.01416667,39.06666667,25.7375,12.50333333,15.48166667,15.5025,10.59,6.443333333,8.079166667,11.41083333,7.975833333,8.4925,9.278333333,7.016666667,6.930833333,5.946666667,6.264166667,8.7525,8.336666667,7.165893568
IDA only,IDX,,,,,,,,,,,,,,,,,,,,,,,,,,,,,,,,,,,,,,,,,,,,,,,,,,,,,,,,,
Isle of Man,IMN,,,,,,,,,,,,,,,,,,,,,,,,,,,,,,,,,,,,,,,,,,,,,,,,,,,,,,,,,
India,IND,,,,,,,,,,,,,,,,,,,,,,,,,,,,,,,,,,,,,,,,,,,,,,,,,,,,,,,,,
Not classified,INX,,,,,,,,,,,,,,,,,,,,,,,,,,,,,,,,,,,,,,,,,,,,,,,,,,,,,,,,,
Ireland,IRL,,,,,,,,,,,,,,,,,,,,,,,,,,,,,,,,,,,,,,,,,,,,,,,,,,,,,,,,,
"Iran, Islamic Rep.",IRN,,,,,,,,,,,,,,,,,,,,,,,,,,,,,,,,,,,,,,,,,,,,11.675,11.7,11.777,11.56,11.60142123,13.30485123,13.14,11.94,11.1615765,14.81184302,14.76277306,16.94210723,16.3,12.8
Iraq,IRQ,,,,,,,,,,,,,,,,,,,,,,,,,,,,,,,,,,,,,,,,,,,,,,6.558333333,6.616666667,10.43,10.54,7.819166667,6.0575,5.9125,5.874166667,5.746666667,5.158333333,4.856666667,
Iceland,ISL,,,,,,,,,,,,,,,,,,,,,,,,,,,,,,,,,,,,,,,,,,,,,,,,,,,,,,,,,
Israel,ISR,,,,,,,,,,,,,,,,,,,,,,,,,,,,,,,,,,,,,,,,,,,,,,,,,,,,,,1.321097208,0.79768238,0.457126364,0.483866165
Italy,ITA,,,,,,,,,,,,,,,,,,,,,,,,,,,,,,,,,,,,,,,,,,,,,,,,,,,,,,,,,
Jamaica,JAM,,,,,,,,,,,,,,,,,,,6.729941561,8.320350636,9.575936748,10.59714679,10.75618769,13.6607769,15.92920248,19.66247851,18.84216226,15.71156755,15.87060846,16.02127879,23.98169474,24.77689928,33.77526641,27.71497078,36.57354933,23.3103747,25.1675,13.86833333,16.4025,14.11666667,14.66302457,13.31763437,11.50883418,11.79425211,10.75106841,9.815281806,9.256432455,8.886668566,9.123407534,9.673565209,6.442038796,4.279065868,3.751009463,3.695703417,4.522480064,3.894651964,3.555828023
Jordan,JOR,,,,,,,,,,,,,,,,,,,,,,,,,,,,,,,,,,,7.0925,7.6825,8.5025,9.110833333,8.205833333,8.304166667,6.968333333,5.805,4.425833333,3.143333333,2.491666667,2.9125,4.620833333,5.446666667,5.460833333,4.944166667,3.5275,3.395,3.771666667,4.8475,4.519166667,3.499166667,3.026666667
Japan,JPN,6.718584615,6.367030769,6.249846154,6.249846154,6.249846154,6.249846154,6.249846154,6.249846154,6.249846154,6.249846154,6.249846154,6.249846154,6.054538462,6.249846154,8.333128205,8.333128205,7.031076923,5.989435897,4.199115385,5.175653846,8.593538462,6.933423077,5.859230769,5.859230769,5.468615385,5.468615385,3.619702564,2.749932308,2.749932308,3.078049231,5.562363077,5.986415128,3.350583333,2.144,1.698416667,0.9015,0.3005,0.301333333,0.265916667,0.11675,0.070416667,0.057083333,0.035583333,0.0425,0.08025,0.271083333,0.68275,0.808166667,0.58875,0.434916667,0.500083333,0.461583333,0.478,0.542166667,0.41525,0.40625,0.300416667
Kazakhstan,KAZ,,,,,,,,,,,,,,,,,,,,,,,,,,,,,,,,,,,,,,,,,,,,,,,,,,,,,,,,,
Kenya,KEN,,,,,,,,3.5,3.5,3.5,3.5,3.5,3.5,3.5,4.315,5.129999999,5.129999999,5.129999999,5.129999999,5.129999999,5.753333333,8.846666667,12.1975,13.27,11.77083333,11.25,11.25,10.3125,10.33333333,12,13.66666667,14.5,,,15.72,13.5975,17.59083333,16.72166667,18.40083333,9.550833333,8.100833333,6.639166667,5.486666667,4.133333333,2.433333333,5.0825,5.138702951,5.162251046,5.302130634,5.96701675,4.557366667,5.628563398,11.57214466,8.641769671,8.373379608,9.188945211,8.688625573
Kyrgyz Republic,KGZ,,,,,,,,,,,,,,,,,,,,,,,,,,,,,,,,,,,,,30.70593148,28.98187503,35.37008787,27.37889848,14.45166349,8.087168318,4.118788752,2.519632676,1.954728601,1.970908143,1.878892377,2.152708158,2.452329373,2.812542975,1.963203562,2.200567203,2.315941087,2.332409928,2.490388306,2.458368641,2.42149746
Cambodia,KHM,,,,,,,,,,,,,,,,,,,,,,,,,,,,,,,,,,,8.388888889,8.708333333,8.8,8.033333333,7.8,7.333333333,6.83,4.361666667,2.491666667,2.016666667,1.791666667,1.916666667,1.841666667,1.9046875,1.905208333,1.663333333,1.264591667,1.3380375,1.333796296,1.343402778,1.41875,1.418770833,1.436991667
Kiribati,KIR,,,,,,,,,,,,,,,,,,,,,,,,,,,,,,,,,,,,,,,,,,,,,,,,,,,,,,,,,
St. Kitts and Nevis,KNA,,,,,,,,,,,,,,,,,,,,,3.774869012,3.774869012,3.774869012,4.08944143,4.08944143,4.115655798,4.08944143,4.141870166,4.718586265,4.666157529,4.718586265,4.524062617,4.347722776,4.392103502,3.991422682,4.521621619,4.265989911,4.269379569,4.218303455,4.313628909,4.322322098,4.226800433,4.010621058,4.492767062,4.543738942,4.509661932,4.561139259,4.595707192,4.549304601,4.59065451,4.593379404,4.465355665,4.274618507,3.736245864,3.183687739,2.723,2.5
"Korea, Rep.",KOR,,,,,,,,,,,,,,,,,,,,,,,,,,,,,,,,,,,,,10.10666667,10.805,13.2875,7.9475,7.938333333,5.7925,4.948333333,4.250833333,3.874166667,3.721666667,4.503333333,5.174166667,5.870833333,3.4825,3.856666667,4.1525,3.700833333,2.890833333,2.535833333,1.809166667,1.5575
Kuwait,KWT,,,,,,,,,,,,,,,,,,,,,4.5,9.205833333,9.213333333,7.13,7.731666667,7.245833333,6.804166667,5.7325,5.2975,7.4025,7.5,7.313333333,7.591666667,7.0725,5.700833333,6.533333333,6.048333333,5.925,6.318333333,5.764166667,5.890833333,4.474516667,3.151908333,2.417533333,2.654758333,3.468575,4.924458333,5.446641667,4.805675,2.830541667,2.336733333,2.161283333,2.0418,2.020675,2.02425,1.899,1.624425
Latin America & Caribbean (excluding high income),LAC,,,,,,,,,,,,,,,,,,,,,,,,,,,,,,,,,,,,,,,,,,,,,,,,,,,,,,,,,
Lao PDR,LAO,,,,,,,,,,,,,,,,,,,,,,,,,,,,,,30,30,23.5,15,13.33333333,12,14,16,,17.78833333,13.41666667,12,6.5,6,6.583333333,7.854166667,4.75,5,5,4.666666667,3.25,3,,,,,,
Lebanon,LBN,,,,,,,,,,,,,,,,,,,,,,,12.94166667,10.00916667,11.53,13.24166667,16.41666667,21.1775,21.95833333,17.5375,16.8575,16.76416667,17.085,15.56,14.80083333,16.3,15.54166667,13.36916667,13.60666667,12.49666667,11.21,10.85333333,11.03416667,8.693333333,7.373333333,8.149166667,7.983333333,7.974166667,7.704166667,7.3175,6.1975,5.884166667,5.7725,5.828333333,5.913333333,5.9775,5.928333333
Liberia,LBR,,,,,,,,,,,,,,,,,,,,,10.3,10.94444444,10.20833333,10.25,9.808333333,9.34,7.25,5.883333333,5.433333333,6.766666667,,5.783333333,7.55,,6.341666667,6.366666667,6.5,6.425,6.219166667,6.251666667,6.180833333,5.943333333,6.245833333,5.286666667,3.839640275,3.433333333,3.444166667,3.768535799,3.995833333,4.108333333,3.541666667,3.033333333,3.5,3.871703933,4.160833333,4.050833333,3.848333333
Libya,LBY,,,,,,,,,3.5,3.5,4,4,4,4,4,4,4,4,4,4,5.125,5.5,5.5,5.5,5.5,5.5,5.5,5.5,5.5,5.5,5.5,5.5,5.5,5.5,,,,,,3.208333333,3,3,3,3,2.083333333,2.125,2.5,2.5,2.5,2.5,2.5,2.5,2.5,2.5,2.5,,
St. Lucia,LCA,,,,,,,,,,,,,,,,,,,,,,4.4967648,4.4967648,5.5741147,5.3399082,5.3867495,4.4967648,3.2320497,3.126656775,3.11494645,3.44283555,4.138595694,4.306211589,4.037858179,3.832342784,4.425073403,4.502234394,4.651557698,4.800487923,4.758624988,4.79586774,4.881739953,4.265084387,5.465758165,3.047209981,2.833669052,2.950996086,3.100783694,3.259833505,3.251291552,3.323950586,3.494234067,3.058053834,2.934238185,2.800228129,2.273583333,1.8675
Latin America & Caribbean,LCN,,,,,,,,,,,,,,,,,,,,,,,,,,,,,,,,,,,,,,,,,,,,,,,,,,,,,,,,,
Least developed countries: UN classification,LDC,,,,,,,,,,,,,,,,,,,,,,,,,,,,,,,,,,,,,,,,,,,,,,,,,,,,,,,,,
Low income,LIC,,,,,,,,,,,,,,,,,,,,,,,,,,,,,,,,,,,,,,,,,,,,,,,,,,,,,,,,,
Liechtenstein,LIE,,,,,,,,,,,,,,,,,,,,,,,,,,,,,,,,,,,,,,,,,,,,,,,,,,,,,,,,,
Sri Lanka,LKA,,,,,,,,,,,,,,,,,,,,,,,,,,,,,,,,,,,,,,,,,,10.78,9.220833333,6.003333333,5.073333333,5.636666667,6.801666667,9.08,10.88916667,10.61083333,6.899166667,6.433333333,8.666275906,10.23083333,7.4975,5.986666667,7.095
Lower middle income,LMC,,,,,,,,,,,,,,,,,,,,,,,,,,,,,,,,,,,,,,,,,,,,,,,,,,,,,,,,,
Low & middle income,LMY,,,,,,,,,,,,,,,,,,,,,,,,,,,,,,,,,,,,,,,,,,,,,,,,,,,,,,,,,
Lesotho,LSO,,,,,,,,,,,,,,,,,,,,,7.5,,,,9.9,13.88888889,10.04166667,7,9.583333333,12.81666667,13,13,10.60833333,8.0625,8.425,13.34166667,12.73333333,11.8125,10.73333333,7.454166667,4.916666667,4.833333333,5.1875,5.161666667,4.241666667,4.216666667,4.543333333,6.458333333,7.641666667,4.85,3.683333333,2.695,2.85,2.85,2.725,2.334166667,1.106666667
Late-demographic dividend,LTE,,,,,,,,,,,,,,,,,,,,,,,,,,,,,,,,,,,,,,,,,,,,,,,,,,,,,,,,,
Lithuania,LTU,,,,,,,,,,,,,,,,,,,,,,,,,,,,,,,,,,,,,,,,,,,,,,,,,,,,,,,,,
Luxembourg,LUX,,,,,,,,,,,,,,,,,,,,,,,,,,,,,,,,,,,,,,,,,,,,,,,,,,,,,,,,,
Latvia,LVA,,,,,,,,,,,,,,,,,,,,,,,,,,,,,,,,,,,,,,,,,,,,,,,,,,,,,,,,,
"Macao SAR, China",MAC,,,,,,,,,,,,,,,,,,,,,,,,,9.166666667,3.916666667,3.5,3.5,4.5625,7.041666667,7.125,5.875,3.5,2.75,4.208333333,5.933583333,5.229825,6.219875,7.003191667,5.299383333,5.333516667,2.587,0.631057618,0.322883333,0.12410154,1.579012811,2.847140318,2.851144836,1.099018495,0.028546051,0.017564605,0.052698433,0.062807192,0.044590863,0.050426669,0.039195664,0.038275852
St. Martin (French part),MAF,,,,,,,,,,,,,,,,,,,,,,,,,,,,,,,,,,,,,,,,,,,,,,,,,,,,,,,,,
Morocco,MAR,,,,,,,,,,,,,,,,,,,4.5,4.5,4.875,6,6.375,6.5,6.5,8,8.5,8.5,8.5,8.5,8.5,8.5,,,6.941666667,,,7.98,7.260833333,6.3875,5.158333333,5.038333333,4.544166667,3.779166667,3.605,3.523333333,3.666666667,3.669166667,3.914166667,3.809166667,3.694166667,3.756666667,3.834166667,3.914166667,3.8925,3.801666667,3.4625
Monaco,MCO,,,,,,,,,,,,,,,,,,,,,,,,,,,,,,,,,,,,,,,,,,,,,,,,,,,,,,,,,
Moldova,MDA,,,,,,,,,,,,,,,,,,,,,,,,,,,,,,,,,,,,26.5,25.425,23.46666667,21.675,27.54166667,24.86666667,20.93333333,14.2,12.55083333,15.115,13.215,11.88,15.01,17.93416667,14.9425,7.669166667,7.572866801,7.631947966,7.228333333,5.716666667,11.97070893,10.72601544
Madagascar,MDG,,,,,,,,,,,,,,,,,,,,,,,,,,,,,,17.75,20.5,20.5,20.5,20,19.5,17.625,19.4375,14.41,8.25,11.0825,15.0825,13.275,12,11.765,12.5975,16.375,19.8,16.5,13.25,11.3875,10.29166667,10.65,10.4,10.14583333,10.95416667,14.66666667,15
Maldives,MDV,,,,,,,,,,,,,,,,,,,,,,,,,,,,,,,,,,,,4.125821538,4.125821538,4.125821538,4.125821538,4.202927885,4.171326923,4.228208654,4.550538462,4.550538462,3.9438,3.9438,3.9438,3.9438,3.9438,3.9438,4.049425,4.173323546,3.730764005,3.806529722,4.138889292,4.117083216,3.784068183
"Middle East, North Africa, Afghanistan & Pakistan",MEA,,,,,,,,,,,,,,,,,,,,,,,,,,,,,,,,,,,,,,,,,,,,,,,,,,,,,,,,,
Mexico,MEX,,,,,,,,,,,,,,,,,9.94,10.06666667,10.97166667,15.56916667,22.41583333,28.10166667,41.0525,59.9075,51.35666667,57.74416667,78.43333333,94.95916667,55.22416667,33.37166667,30.40416667,17.965,15.88166667,16.68583333,15.02916667,39.8225,26.40416667,16.36333333,15.45416667,11.60166667,8.256666667,6.234166667,3.7575,3.085833333,2.695,3.456666667,3.296666667,3.205,3.0425,2.010833333,1.2125,0.955833333,1.081666667,1.331666667,0.84,0.589166667,1.2875
Marshall Islands,MHL,,,,,,,,,,,,,,,,,,,,,,,,,,,,,,,,,,,,,,,,,,,,,,,,,,,,,,,,,
Middle income,MIC,,,,,,,,,,,,,,,,,,,,,,,,,,,,,,,,,,,,,,,,,,,,,,,,,,,,,,,,,
North Macedonia,MKD,,,,,,,,,,,,,,,,,,,,,,,,,,,,,,,,,,,,,,,,,,,,,,5.497147945,4.713765016,5.029784364,6.185329152,7.772694326,7.466873949,6.085823019,5.169221826,4.441722102,3.711243564,2.900285454,2.503124984
Mali,MLI,,,,,,,,,,,,,,,,,,,,,,,,,,,,,,,,,,,,,,,,,,,,,,7.6075,7.821666667,7.813333333,8.124166667,8.579166667,8.386666667,8.500833333,7.9925,7.654166667,7.258333333,6.998333333,6.925
Malta,MLT,,,,,,,,,,,,,,,,,,,,,,,,,,,,,,,,,,,,,,,,,,,,,,,,,,,,,,,,,
Myanmar,MMR,,,,,,,,,,,,,,,,0.75,0.75,0.875,1.5,1.5,1.5,1.5,1.5,1.5,1.5,1.5,1.5,1.5,1.5,1.5,5.875,9,9,9,9,9.75,12.5,12.5,12.5,11,9.75,9.5,9.5,9.5,9.5,9.5,11.375,12,12,12,12,11.33333333,8,8,8,8,8
"Middle East, North Africa, Afghanistan & Pakistan (excluding high income)",MNA,,,,,,,,,,,,,,,,,,,,,,,,,,,,,,,,,,,,,,,,,,,,,,,,,,,,,,,,,
Montenegro,MNE,,,,,,,,,,,,,,,,,,,,,,,,,,,,,,,,,,,,,,,,,,,5.245,4.8575,4.865208333,4.84375,5.0590625,4.963333333,3.822316667,3.811666667,3.699525,3.132141667,3.262583333,2.911708333,2.139366667,1.458083333,1.065266667
Mongolia,MNG,,,,,,,,,,,,,,,,,,,,,,,,,,,,,,,,,500,280.2,115.7083333,74.61666667,44.75,36.37083333,33.30666667,23.4175,16.8,14.3,13.21666667,14.01666667,14.15,13,13.00666667,13.45916667,11.39166667,13.28211918,11.85897858,10.47421065,11.27378269,12.04568609,12.31495612,12.9787417,13.27166515
Northern Mariana Islands,MNP,,,,,,,,,,,,,,,,,,,,,,,,,,,,,,,,,,,,,,,,,,,,,,,,,,,,,,,,,
Mozambique,MOZ,,,,,,,,,,,,,,,,,,,,,,,,,,,,,,,,,,,33.38166667,38.83833333,18.14166667,25.4325,8.223333333,7.86,9.695,15.01127778,17.988125,12.14916667,9.904953426,7.801575727,10.36901136,11.85053709,10.9847672,9.522995982,9.684442134,12.98276515,11.4324746,8.795096333,8.578018074,8.531881511,10.75136516
Mauritania,MRT,,,,,,,,,,,,,,,,,,,,,5.5,5.5,5.5,5.5,5.5,7.166666667,6.583333333,6,6,5,5,5,7.516666667,8.625,9,9,9,9,9,9,9.416666667,8,8,8,8,8,8,8,8,8,8,8,4.0181,3.340436682,4.469166667,4.656596136,5.33396685
Mauritius,MUS,,,,,,,,,,,,,,,,,,,,,9.25,9.25,11.14583333,12.0625,10.29166667,9.458333333,9.5,9.375,10,11.0625,12.5625,12.3125,10.065,8.395833333,11.0425,12.22916667,10.77083333,9.083333333,9.281666667,10.91666667,9.614166667,9.781666667,9.875,9.525,8.145833333,7.25,9.55,11.77083333,10.10833333,8.445833333,8.35,7.108333333,6.233333333,6.8125,6.784166667,6.085833333,5.154166667
Malawi,MWI,,,,,,,,,,,,,,,,,,,,,,,,,,,,,,,,,,,,,,,,,,,,,,,,,,,,,,,,,
Malaysia,MYS,,,,,,,5,5.083333333,5.5,5.5,5.5,5.5,5,5.416666667,6.375,5.708333333,5.5,5.208333333,5.041666667,5.5,6.229166667,9.6775,9.75,8.020833333,9.5,8.8125,7.083333333,3,3.291666667,4.561666667,5.720833333,7.110833333,7.935,7.025833333,4.8925,5.933333333,7.085,7.776666667,8.513333333,4.124166667,3.3625,3.374166667,3.205,3.066666667,3,3.001666667,3.149166667,3.165833333,3.125833333,2.081666667,2.5025,2.910833333,2.980833333,2.97,3.048107787,3.134487179,3.02803563
North America,NAC,,,,,,,,,,,,,,,,,,,,,,,,,,,,,,,,,,,,,,,,,,,,,,,,,,,,,,,,,
Namibia,NAM,,,,,,,,,,,,,,,,,,,,,,,,,,,,,,,,12.77416667,11.36166667,9.611666667,9.180833333,10.84333333,12.56,12.70083333,12.94,10.81583333,7.39,6.794166667,7.809166667,8.755,6.351666667,6.24,6.298333333,7.546666667,8.384166667,6.241666667,4.996666667,4.2825,4.20875,3.9775,4.248333333,4.713333333,5.646592667
New Caledonia,NCL,,,,,,,,,,,,,,,,,,,,,,,,,,,,,,,,,,,,,,,,,,,,,,,,,,,,,,,,,
Niger,NER,,,,,,,,,,,,,,,,,,,,,,,,,,,,,,,,,,,,,,,,,,,,,,7.6075,7.821666667,7.813333333,8.124166667,8.579166667,8.386666667,8.500833333,7.9925,7.654166667,7.258333333,6.998333333,6.925
Nigeria,NGA,,,,,,,,,,,3,3,3.041666667,3,3,3,2.666666667,2.833333333,4.145833333,4.460416666,5.266666666,5.715833333,7.6,7.411666666,8.254166667,9.116666666,9.235,13.0875,12.95,14.675,19.78333333,14.91666667,18.04166667,23.24166667,13.09166667,13.53083333,13.05916667,7.169166667,10.10833333,12.81083333,11.69083333,15.25583333,16.67,14.2175,13.69833961,10.5325,9.751666667,10.28833333,11.8675,12.95833333,6.520833333,5.6925,8.405,7.945,9.3375,9.148333333,7.495200934
Nicaragua,NIC,,,,,,,,,,,,,,,,,,,,,,,,,,,,,130591.9696,1928.728338,11.5536774,14.1380526,14.60729406,14.11980995,14.22419844,13.55631481,15.01369973,15.08869729,13.09580955,11.82833333,10.79829886,11.55949166,7.789050658,5.551707097,4.715970471,4.029688324,4.865277384,6.075202459,6.572587152,6.008009698,2.991328292,1.846919177,0.995837711,1.010510547,1.047746747,1.047305629,1.102266955
Netherlands,NLD,,,,,,,,,,,,,,,,,,,,,,,,,,,,,,,,,,5.05,4.7,4.395833333,3.541666667,3.175,3.104166667,2.741666667,2.8875,3.104166667,2.766666667,2.4875,2.309166667,2.340833333,2.9822,3.8892,4.370833333,2.597516667,2.347175,2.606716667,2.737041667,2.44,,,
Norway,NOR,,,,,,,,,,,,,,,,,,,,,,,,,,,,,,,,,,,,,,,,,,,,,,,,,,,,,,2.19,2.071666667,1.313333333,0.761666667
Nepal,NPL,,,,,,,,,,,,,,,,,,,,,,,,,,,,,,,,,,,,,,,,,,,,,,,,,,,,,,,,,
Nauru,NRU,,,,,,,,,,,,,,,,,,,,,,,,,,,,,,,,,,,,,,,,,,,,,,,,,,,,,,,,,
New Zealand,NZL,,,,,,,,,,,,,,,,,,,,,,,,,,,,,,,11.65,8.925,6.583333333,6.241666667,6.375,8.491325,8.48875,7.261291667,6.777225,4.558275,6.359691667,5.349508333,5.332366667,5.097925,5.770116667,6.682733333,6.915116667,7.783991667,7.551441667,4.0398,4.583250809,4.272055849,4.108112301,3.827016471,4.011666667,3.730833333,3.231666667
OECD members,OED,,,,,,,,,,,,,,,,,,,,,,,,,,,,,,,,,,,,,,,,,,,,,,,,,,,,,,,,,
Oman,OMN,,,,,,,,,,,,,,,,,,,,,,,,,9.028,9.042,8.4,7.707,7.38975,8.3525,8.28925,7.4595,6.3515,5.03775,3.8025,6.00225,6.44525,6.7005,7.79625,8.136916667,7.67525,6.13075,3.331166667,2.514,2.252083333,2.822416667,3.787666667,4.182416667,3.89575,4.428416667,3.762166667,3.011916667,2.688166667,2.555833333,2.202,1.899,2.557333333
Other small states,OSS,,,,,,,,,,,,,,,,,,,,,,,,,,,,,,,,,,,,,,,,,,,,,,,,,,,,,,,,,
Pakistan,PAK,,,,,,,,,,,,,,,,,,,,,,,,,,,,,,,,,,,,,,,,,,,,,1.634166667,2.595833333,4.174166667,5.308333333,6.918333333,8.680833333,8.145,8.225833333,7.979166667,7.171666667,7.265,5.9725,4.834166667
Panama,PAN,,,,,,,,,,,,,,,,,,,,,,,,,,,6.5025,6.5925,7.54,8.493333333,8.4,7.7275,5.6725,5.8975,6.1125,7.175,7.1975,7.031666667,6.7625,6.921666667,7.069166667,6.828333333,4.965,3.975833333,2.234166667,2.695,2.8,,,,,,,,,,
Peru,PER,,,,,,,,,,,,,,,,,,,,,,,,,,,,,161.7840257,1135.594542,2439.562787,170.5443178,59.65025596,44.13854277,22.34712002,15.70214266,14.90045203,15.01468205,15.11444259,16.27411906,13.2916666,9.916666667,4.191666667,3.833333333,2.983333333,3.420796225,4.792945833,4.922488333,5.4469625,4.354455833,2.130379167,3.666266667,3.877933333,3.527825,3.821341667,4.111175,4.914425
Philippines,PHL,,,,,,,,,,,,,,,,,8.5,8.5,8.5,8.666666667,11.66666667,13.85033333,13.74225,13.58133333,21.17208333,18.91408333,11.25291667,8.2015,11.31541667,14.12633333,19.53775,18.8015,14.2745,9.60575,10.53908333,8.391916667,9.683416667,10.19383333,12.10633333,8.167,8.305083333,8.744166667,4.608,5.220666667,6.1775,5.556,5.294166667,3.696,4.4895,2.741,3.219666667,3.387916667,3.155916667,1.661833333,1.228833333,1.592,1.596166667
Palau,PLW,,,,,,,,,,,,,,,,,,,,,,,,,,,,,,,,,,,,,,,,,,,,,,,,,,,,,,,,,
Papua New Guinea,PNG,,,,,,,,,,,,,,,,,,,,,,,,6.288825757,5.357859848,6.253125,7.571306818,6.327272727,6.113068182,5.421022727,5.712121212,5.973011364,5.176609848,3.316875,3.352575758,7.295,7.130833333,4.129166667,8.363333333,8.126666667,8.458333333,5.463333333,3.184166667,4.375,1.725,0.854166667,0.979166667,1.060833333,1.313661021,2.323333333,1.383333333,0.92,0.485833333,0.33,0.331666667,0.425,0.64512054
Poland,POL,,,,,,,,,,,,,,,,,,,,,,,,,,,,,,,,,,,,,,,,,,,,,,,,,,,,,,,,,
Pre-demographic dividend,PRE,,,,,,,,,,,,,,,,,,,,,,,,,,,,,,,,,,,,,,,,,,,,,,,,,,,,,,,,,
Puerto Rico (US),PRI,,,,,,,,,,,,,,,,,,,,,,,,,,,,,,,,,,,,,,,,,,,,,,,,,,,,,,,,,
"Korea, Dem. People's Rep.",PRK,,,,,,,,,,,,,,,,,,,,,,,,,,,,,,,,,,,,,,,,,,,,,,,,,,,,,,,,,
Portugal,PRT,,,,,,,,,,,,,,,,,,,,,,,,,,,,,,,,,,,,,,,,,,,,,,,,,,,,,,,,,
Paraguay,PRY,,,,,,,,,,,,,,,,,,,,,,,,,,,,,,17.28,18,17.69563636,15.82494545,17.35789091,18.1584,16.61629091,13.47447273,10.21025455,16.19780303,19.74916667,15.72083333,16.22416667,22.86083333,15.83083333,5.108333333,1.661666667,6.72,5.0025,3.0775,1.455833333,1.2125,4.025,3.915833333,4.24,4.306666667,3.5125,3.755833333
West Bank and Gaza,PSE,,,,,,,,,,,,,,,,,,,,,,,,,,,,,,,,,,,,,,,,,,,,,1.075,2.2375,2.97,3.015,0.805,0.403769072,0.29,0.529070554,0.457389672,0.622638419,0.825588478,0.938366374,1.014700058
Pacific island small states,PSS,,,,,,,,,,,,,,,,,,,,,,,,,,,,,,,,,,,,,,,,,,,,,,,,,,,,,,,,,
Post-demographic dividend,PST,,,,,,,,,,,,,,,,,,,,,,,,,,,,,,,,,,,,,,,,,,,,,,,,,,,,,,,,,
French Polynesia,PYF,,,,,,,,,,,,,,,,,,,,,,,,,,,,,,,,,,,,,,,,,,,,,,,,,,,,,,,,,
Qatar,QAT,,,,,,,,,,,,,,,,,,,,5,6,6,6,6,6,6,6,6,6,6,6,6,4.75,4.075,4.841666667,6.1875,6.5,6.625,6.5625,6.5,6.5,,,,2.646666667,3.185,4.231666667,4.425,2.965,4.236666667,2.898541918,1.747837986,1.667210057,1.417838796,1.351827604,1.611990162,2.448029428
Romania,ROU,,,,,,,,,,,,,,,,,,,,,,,,,,,,,,,,,,42.5,57,44.725,37.26,55.83333333,37.275,45.86666667,33.10833333,26.86666667,19.23333333,11.02416667,11.53833333,6.415,4.768333333,6.7,9.513333333,11.98666667,7.313333333,6.2975,5.505,4.550833333,3.02,1.888333333,1.113333333
Russian Federation,RUS,,,,,,,,,,,,,,,,,,,,,,,,,,,,,,,,,,,,,,16.76666667,17.05,13.68333333,6.508333333,4.85,4.95,4.475,3.791666667,3.991666667,4.075,5.141666667,5.758333333,8.583333333,6.008333333,4.441666667,5.533333333,5.591666667,6.041666667,9.195833333,6.969166667
Rwanda,RWA,,,,,,,,,,,,,,,,,,,,,,,,,,,,,,,,,,,,,11.0125,8.37975,8.844666667,8.45275,9.4855,9.979166667,9.648333333,9.165,9.231333333,8.67275,8.203333333,7.62,6.076666667,8.108333333,6.764166667,7.749166667,8.845833333,9.924858595,8.241480797,8.238436665,7.914396812
South Asia,SAS,,,,,,,,,,,,,,,,,,,,,,,,,,,,,,,,,,,,,,,,,,,,,,,,,,,,,,,,,
Saudi Arabia,SAU,,,,,,,,,,,,,,,,,,,,,,,,,,,,,,,,,,,,,,,,,,,,,,,,,,,,,,,,,
Sudan,SDN,,,,,,,,,,,,,,,,,,,,,,,,,,,,,,,,,,,,,,,,,,,,,,,,,,,,,,,,,
Senegal,SEN,,,,,,,,,,,,,,,,,,,,,,,,,,,,,,,,,,,,,,,,,,,,,,7.6075,7.821666667,7.813333333,8.124166667,8.579166667,8.386666667,8.500833333,7.9925,7.654166667,7.258333333,6.998333333,6.925
Singapore,SGP,,,,,,,,,,,,,,,,,,4.064166666,4.748333333,6.200833333,9.368333333,10.71,7.214999999,6.314166667,6.975,4.993333333,3.910833333,2.885833333,2.7375,3.2125,4.671666667,4.63,2.869166667,2.300833333,3.001666667,3.504166667,3.41,3.471666667,4.604166667,1.683333333,1.711666667,1.52,0.869166667,0.5025,0.403333333,0.440833333,0.57,0.529166667,0.419166667,0.2925,0.205833333,0.168333333,0.135833333,0.14,0.144166667,0.166666667,0.19
Solomon Islands,SLB,,,,,,,,,,,,,,,,,,,,,,,,,,,,,,,,,,,,,,,,,,,,,,,,,,,3.288333333,1.999166667,0.860833333,0.293333333,0.246666667,0.306666667,0.20975
Sierra Leone,SLE,,,,,,,,,,,,,,,,,,7,7,7.25,9.166666667,10,10,11,12,11.33333333,14.16666667,12.66666667,16.33333333,20,40.5,47.8,54.66666667,27,11.63333333,7.029166667,13.955,9.905,7.123333333,9.501666667,9.245,7.765,9.395833333,9.67,11.16833333,11.7975,11.14,10.7875,10.5925,9.7225,9.466666667,10.31138889,10.39,8.909166667,6.605902778,4.485833333,5.361363636
El Salvador,SLV,,,,,,,,,,,,,,,,,,,,,,,,,,,,,,,,,,,,,,,,,,,,,,,,,,,,,,,,,
San Marino,SMR,,,,,,,,,,,,,,,,,,,,,,,,,,,,,,,,,,,,,,,,,,2.4,2.675,1.6375,1.4375,1.35,2.1275,2.6275,2.2275,0.9625,0.7075,1.0825,1.255,1.0725,1.323927762,2.43401408,1.884833333
"Somalia, Fed. Rep.",SOM,,,,,,,,,,2,2,2,2,2.458333333,2.5,4,4,4,4,4.041666666,4.5,5.5,7.5,8.5,8.5,14,15.3125,16.25,20.625,25,,,,,,,,,,,,,,,,,,,,,,,,,,,
Serbia,SRB,,,,,,,,,,,,,,,,,,,,,,,,,,,,,,,,,,,,,,77.97,60.86093434,46.06113292,6.3,12.9,24.28396551,16.48907256,15.74016292,15.43905149,18.3232448,12.62,16.12651446,15.38666667,11.20277778,,,,,,
Sub-Saharan Africa (excluding high income),SSA,,,,,,,,,,,,,,,,,,,,,,,,,,,,,,,,,,,,,,,,,,,,,,,,,,,,,,,,,
South Sudan,SSD,,,,,,,,,,,,,,,,,,,,,,,,,,,,,,,,,,,,,,,,,,,,,,,,,,,,,1.979188502,1.362729973,1.393081577,1.196663382,1.019516298
Sub-Saharan Africa,SSF,,,,,,,,,,,,,,,,,,,,,,,,,,,,,,,,,,,,,,,,,,,,,,,,,,,,,,,,,
Small states,SST,,,,,,,,,,,,,,,,,,,,,,,,,,,,,,,,,,,,,,,,,,,,,,,,,,,,,,,,,
Sao Tome and Principe,STP,,,,,,,,,,,,,,,,,,,,,,,,,,,,,,,,,,,,,,,,,,15,15,9.49,11.49,12.2375,10.75,12.75,12.75,11.92083333,11.115,12.3575,12.89,12.5975,8.924166667,6.896666667,4.134166667
Suriname,SUR,,,,,,,,,,,,,,,,,,,,,,,,,,,,,,,4.6,4.6,4.5,4.75,7.45,21,17.775,17.35,15.95,15.6,15.525,11.85833333,9,8.275,8.341666667,7.266666667,6.625,6.416666667,6.341666667,6.375,6.166434651,6.388802256,6.791666667,7.091666667,7.35,7.533333333,8.075
Slovak Republic,SVK,,,,,,,,,,,,,,,,,,,,,,,,,,,,,,,,,,,,,,,,,,,,,,,,,,,,,,,,,
Slovenia,SVN,,,,,,,,,,,,,,,,,,,,,,,,,,,,,,,,,,,,,,,,,,,,,,,,,,,,,,,,,
Sweden,SWE,,,,,,,,,,,,,,,,,,,,,,,,,,,,,,,,,7.8,5.45,4.755,5.73,3.7,2.375,2.295,1.475,2.055,2.1725,2.3775,1.675,1.07,0.816975,1.088577778,,,,,,,,,,
Eswatini,SWZ,,,,,,,,,,,,,,5.5,7.020833333,7.958333333,7.75,7.75,7.666666667,5.625,4.5,6.583333333,11.66666667,11.16666667,15,14.38166667,7.59,4.888333333,6.74,9.075833333,8.740833333,10.59916667,10.49333333,7.89,7.535,9.438333333,11.08333333,12,11.91666667,9.859166667,6.53,6.15,8.016666667,7.588333333,4.630833333,4.0125,4.93,7.054166667,8.166666667,5.403333333,3.853333333,2.85,2.465,2.08,2.14,2.27,2.94
Sint Maarten (Dutch part),SXM,,,,,,,,,,,,,,,,,,,,,,,,,,,,,,,,,,,,,,,,,,,,,,,,,,,,,,,,,
Seychelles,SYC,,,,,,,,,,,,,,,,,,,,,,9,9,9.083333333,9.5,9.6,10,10,10,9.7325,9.550833333,9.501666667,9.558333333,9.365,8.845833333,9.2225,9.904166667,9.195833333,7.534166667,5.1325,4.7675,4.920833333,4.933333333,3.989166667,3.545833333,3.72,2.455563333,3.06859282,3.966166155,9.767464007,2.859946582,2.08331762,3.298246264,3.42883589,2.333049839,3.161291287,3.487661601
Syrian Arab Republic,SYR,,,,,,,,,,,,,,,,,,,,,,,,,,,,,,,,,,,,,,,,,,,,,,,,,,,,,,,,,
Turks and Caicos Islands,TCA,,,,,,,,,,,,,,,,,,,,,,,,,,,,,,,,,,,,,,,,,,,,,,,,,,,,,,,,,
Chad,TCD,,,,,,,,,,,,,,,,,,,,4.5,5.5,5.5,5.5,5.5,5.5,5.5,5.5,5.333333333,4.3125,4.25,5.0625,7.5,7.5,7.75,8.083333333,5.5,5.458333333,5,5,5,5,5,5,5,5,4.916666667,4.333333333,4.25,3.75,3.25,3.25,3.25,3.25,3.208333333,2.6,2.45,2.45
East Asia & Pacific (IDA & IBRD countries),TEA,,,,,,,,,,,,,,,,,,,,,,,,,,,,,,,,,,,,,,,,,,,,,,,,,,,,,,,,,
Europe & Central Asia (IDA & IBRD countries),TEC,,,,,,,,,,,,,,,,,,,,,,,,,,,,,,,,,,,,,,,,,,,,,,,,,,,,,,,,,
Togo,TGO,,,,,,,,,,,,,,,,,,,,,,,,,,,,,,,,,,,,,,,,,,,,,,7.6075,7.821666667,7.813333333,8.124166667,8.579166667,8.386666667,8.500833333,7.9925,7.654166667,7.258333333,6.998333333,6.925
Thailand,THA,,,,,,,,,,,,,,,,,,8,8,8.25,12,12.5,13,13,13,13,9.75,9.5,9.5,9.5,12.25,13.66666667,8.875,8.625,8.458333333,11.58333333,10.33333333,10.52083333,10.64583333,4.770833333,3.291666667,2.541666667,,,1.098363784,1.653110948,4.338730427,2.840789915,2.535997957,1.021939834,1.199672503,2.458060204,2.600149982,2.433056067,1.753096146,1.433415596,1.300342382
Tajikistan,TJK,,,,,,,,,,,,,,,,,,,,,,,,,,,,,,,,,,,,,,,,,,,9.541503236,9.83931168,10.16672185,10.15035576,9.517944994,10.99385083,9.370259837,7.580630466,8.647640114,8.23675339,7.674636132,6.578818848,5.489515024,4.226196453,3.533407933
Turkmenistan,TKM,,,,,,,,,,,,,,,,,,,,,,,,,,,,,,,,,,,,,,,,,,,,,,,,,,,,,,,,,
Latin America & the Caribbean (IDA & IBRD countries),TLA,,,,,,,,,,,,,,,,,,,,,,,,,,,,,,,,,,,,,,,,,,,,,,,,,,,,,,,,,
Timor-Leste,TLS,,,,,,,,,,,,,,,,,,,,,,,,,,,,,,,,,,,,,,,,,,,0.786368708,0.774106518,0.790287215,0.791828655,0.795632275,0.781387668,0.79656919,0.830792132,0.813286263,0.846122689,0.905304977,0.900322602,0.852718199,0.777286678,0.76
"Middle East, North Africa, Afghanistan & Pakistan (IDA & IBRD)",TMN,,,,,,,,,,,,,,,,,,,,,,,,,,,,,,,,,,,,,,,,,,,,,,,,,,,,,,,,,
Tonga,TON,,,,,,,,,,,,,,,,,,,,,,,,,,,,,,,,,,,,,,,,,,,,,,,,,,,,,3.115526507,2.822860349,2.83281642,3.021368903,3.135390217
South Asia (IDA & IBRD),TSA,,,,,,,,,,,,,,,,,,,,,,,,,,,,,,,,,,,,,,,,,,,,,,,,,,,,,,,,,
Sub-Saharan Africa (IDA & IBRD countries),TSS,,,,,,,,,,,,,,,,,,,,,,,,,,,,,,,,,,,,,,,,,,,,,,,,,,,,,,,,,
Trinidad and Tobago,TTO,,,,,,,,,,,,,,,,,,,,,,,,,,5.313333333,6.0375,6.0325,6.035,6.275833333,5.9575,5.7925,6.9875,7.0625,6.905833333,6.415,7.941111111,6.909166667,7.953333333,8.51,8.150833333,7.6625,4.76,2.914166667,2.791666667,2.1975,4.78875,5.9,7.37,3.418333333,1.505,1.5,1.5,1.5,1.5,1.5,1.5
Tunisia,TUN,,,,,,,,,,,,,,,,,,,,,,,,,,,,,,,,,,,,,,,,,,,,,,,,,,,,,,,,,
Turkiye,TUR,,,,,,,,,,,,,,,,,,,6,7.333333333,8,26.5,45,45.33333333,51.41666667,49.25,40.58333333,35,49.08333333,53.79,47.48333333,62.68,68.73666667,64.57416667,87.7908325,75.9675,80.75166667,79.49166667,80.1075,78.4325,47.1575,74.69916667,50.49166667,37.67833333,24.25916667,20.39666667,21.6475,22.55916667,22.91333333,17.64916667,15.26916667,14.105,17.19333333,15.295,16.935,14.91666667,14.61
Tuvalu,TUV,,,,,,,,,,,,,,,,,,,,,,,,,,,,,,,,,,,,,,,,,,,,,,,,,,,,,,,,,
Tanzania,TZA,,,,,,,,,,,,,,,4,4,4,4,4,4,4,4,4,4,4,4.5,8.5,15.75,17.45833333,17,,,17,17.77777778,21.88333333,24.625,13.59166667,7.833333333,7.753333333,7.75,7.386666667,4.810827737,3.289028102,3.047894654,4.200666147,4.732803247,6.726516923,8.679536808,8.252651937,7.971802261,6.623333333,6.778333333,9.545,9.968333333,9.855,9.8975,10.49583333
Uganda,UGA,,,,,,,,,,,,,,,,,,,,,,,,,20,20,23.33333333,20,21.5,32.16666667,31.25,31.16666667,35.83333333,16.25833333,9.9925,7.608333333,10.61833333,11.84,11.35566667,8.7275,9.83938,8.468333333,5.564890833,9.849163171,7.74050879,8.792522647,9.085366086,9.262094704,10.67053623,9.752509389,7.687276001,13.34350798,16.79830458,12.11567268,10.80950659,12.7676244,13.23795523
Ukraine,UKR,,,,,,,,,,,,,,,,,,,,,,,,,,,,,,,,,68,148.6333333,208.625,70.29166667,33.63333333,18.20833333,22.25416667,20.7,13.71734167,10.98889167,7.92675,6.9766,7.795908333,8.571216667,7.5688,8.120266667,9.948791667,13.76086667,10.55570833,7.898358333,12.96119167,10.77735,12.10025,13.01048333,11.48575833
Upper middle income,UMC,,,,,,,,,,,,,,,,,,,,,,,,,,,,,,,,,,,,,,,,,,,,,,,,,,,,,,,,,
Uruguay,URY,,,,,,,,,,,,,,,,,48.58249941,57.29624793,76.58714656,67.57847118,80.52844205,74.14729698,80.63568818,114.8606112,110.0211293,131.7518775,99.25629847,97.86209871,109.0961314,136.2562152,157.3702982,121.027264,87.62009276,63.35565459,59.49479371,61.51906452,45.25786921,31.54376962,24.27784394,22.92037598,19.47790908,23.03311848,62.57632917,29.68793417,6.198635583,2.843222667,1.831296,2.361180667,3.23125725,4.400583737,4.165799862,4.554631228,4.449826677,4.64794079,4.898054982,5.6023041,5.565795775
United States,USA,,,,,,,,,,,,,,,,,,,,,,,,,,,,,,,,,,,,,,,,,,,,,,,,,,,,,,,,,
Uzbekistan,UZB,,,,,,,,,,,,,,,,,,,,,,,,,,,,,,,,,,,,,,,,,,,,,,,,,,,,,,15.3673563,17.28589693,13.58774125,14.7511218
St. Vincent and the Grenadines,VCT,,,,,,,,,,,,,,,,,,,,,,,4.83911995,5.608979942,5.279039946,5.389019945,5.169059947,5.150729947,5.279039946,4.83911995,4.289219956,4.057111567,3.938551229,3.895355456,3.885228272,4.338390284,4.139276439,4.210584734,4.27321434,4.458647135,4.538576634,4.557268497,4.354385133,4.560889837,3.299591533,2.893578374,2.923064527,2.820098234,2.791566564,2.93935814,2.859590539,2.99205474,2.875881758,2.733122015,2.637101225,2.119416667,1.895
"Venezuela, RB",VEN,,,,,,,,,,,,,,,,,,,,,,,,,12.28916667,10.51666667,8.925833333,8.9425,8.948333333,28.91083333,27.82166667,31.10416667,35.43166667,53.745,39.02123333,24.71853333,27.57833333,14.69583333,34.84166667,21.27833333,16.3,15.51166667,29.00083333,17.20833333,12.59916667,11.62583333,10.2625,10.70666667,16.15333333,16.40916667,14.80083333,14.59,14.50916667,14.50333333,14.68166667,14.88666667,15.085
British Virgin Islands,VGB,,,,,,,,,,,,,,,,,,,,,,,,,,,,,,,,,,,,,,,,,,,,,,,,,,,,,,,,,
Virgin Islands (U.S.),VIR,,,,,,,,,,,,,,,,,,,,,,,,,,,,,,,,,,,,,,,,,,,,,,,,,,,,,,,,,
Viet Nam,VNM,,,,,,,,,,,,,,,,,,,,,,,,,,,,,,,,,,22.04,,,,8.5125,9.23,7.3725,3.653333333,5.304166667,6.4475,6.621666667,6.17125,7.145,7.63,7.4925,12.73041667,7.91,11.19375,13.9935,10.50366667,7.14,5.7575,4.7475,5.035
Vanuatu,VUT,,,,,,,,,,,,,,,,,,,,,,,,,,,,,,,,,,,,,,,,,,,,,,,,,,,,,,2.248333333,2.059166667,2.429789845,1.965833333
World,WLD,,,,,,,,,,,,,,,,,,,,,,,,,,,,,,,,,,,,,,,,,,,,,,,,,,,,,,,,,
Samoa,WSM,,,,,,,,,,,,,,,,,,,,,,,,,,,,,,,,,,,,,,,,,,4.5,4.506666667,4.52,4.394166667,4.3475,4.870833333,6.4425,6.060833333,4.805833333,2.700833333,2.285,2.469166667,2.880833333,3.02,2.481666667,2.370833333
Kosovo,XKX,,,,,,,,,,,,,,,,,,,,,,,,,,,,,,,,,,,,,,,,,,,,,2.811703943,2.889097105,2.959263303,3.316029286,4.21281869,4.323651995,3.695621369,3.4919661,3.6,3.421666667,1.111666667,0.904166667,1.009058333
"Yemen, Rep.",YEM,,,,,,,,,,,,,,,,,,,,,,,,,,,,,,,,,,,,,23.75,14.91666667,11.33333333,18.25,14,13,13,13,13,13,13,13,13,10.66666667,18.66666667,20,19.5,15.25,,,
South Africa,ZAF,,,,,,,,,,,,,,,,,,,,,,,,,,,,,,,,,,,,,,,,,,8.99,10.77416667,9.760833333,6.554166667,6.043333333,7.141666667,9.155,11.6125,8.536666667,6.465,5.6725,5.436666667,5.1525,5.800833333,6.153333333,7.171666667
Zambia,ZMB,,,,,,,,,,,,,,,,,,,6.25,6.75,7,6.166666667,6,7,7.708333333,15.33333333,17.74166667,13.23416667,11.44,11.44,25.65416667,31.5,48.5,88.13333333,46.14166667,30.24166667,42.125,34.475,13.08333333,20.26666667,20.24166667,23.40833333,23.325,21.95,11.51022727,11.18916667,10.325,9.216666667,6.550833333,7.09,7.4,7.024166667,7,6.490833333,7.876666667,8.993333333,10.78416667
Zimbabwe,ZWE,,,,,,,,,,,,,,,,,,,,,3.520833333,7.458333333,14.45833333,12.79583333,10.30416667,10.04166667,10.27916667,9.576666667,9.679166667,8.851666667,8.8025,14.195,28.625,29.44583333,26.75083333,25.91833333,21.57916667,18.59833333,29.05916667,38.50666667,50.16666667,13.94791667,18.375,35.91666667,103.2083333,91.075,203.375,121.5,129,,,,,,,6.704529648,4.090833333
Globe,GLBB,5.046792308,5.204348718,4.52075641,4.124923077,4.749923077,5.33325641,4.687461538,4.408302564,4.527752137,4.351168498,4.197897436,4.082602821,4.107747241,4.878151737,5.873314685,5.401441239,8.146923303,8.130513226,8.827906568,8.659451596,9.391319441,10.69939424,14.3573863,15.02012672,16.54276443,17.33462712,13.88644097,18.17645136,1892.010168,135.5796054,170.6078498,28.51969473,43.77417289,59.6209244,71.21321504,17.05006876,15.01776445,12.9898722,12.72016328,11.52822849,9.899687184,9.232248488,8.642822222,7.450143765,6.771664503,6.464640188,7.449307545,7.169520929,7.289686718,6.157211991,5.329702312,5.272010129,5.269581163,5.000513547,4.808576617,4.709105808,4.587037811
